Fa,Fs,beta,dim,isDynamic,isFock,mass2,massratio,order,rs,spin,Σw,Σw.err,μ,μ.err
-0.0,-0.0,40.0,3,false,false,1.0,1.0,102,0.1,2,0.0,8.148023487204335e-13,0.12124600662868881,0.0001481258488834585
-0.0,-0.0,40.0,3,false,false,1.0,1.0,111,0.1,2,0.0,8.148023487204335e-13,0.007269603572943125,1.8394087067736098e-5
-0.0,-0.0,40.0,3,false,false,1.0,1.0,110,0.1,2,0.0,8.148023487204335e-13,0.05930639170106366,7.363999349284595e-5
-0.0,-0.0,40.0,3,false,false,1.0,1.0,120,0.1,2,0.0,8.148023487204335e-13,8.335099755338122e-6,6.875509032890182e-6
-0.0,-0.0,40.0,3,false,false,1.0,1.0,200,0.1,2,-0.006476767037329118,8.454466703669585e-5,1.0303340686405142,0.0022857439150728138
-0.0,-0.0,40.0,3,false,false,1.0,1.0,201,0.1,2,-0.016374196732755086,6.506043362293345e-5,0.17480195367858606,0.0006596127733157273
-0.0,-0.0,40.0,3,false,false,1.0,1.0,210,0.1,2,1.048034279094482e-5,1.6261167620548435e-6,-0.06006166385617888,0.00012281501798725385
-0.0,-0.0,40.0,3,false,false,1.0,1.0,101,0.1,2,0.0,8.148023487204335e-13,0.4319375561351611,0.00044108779618154826
-0.0,-0.0,40.0,3,false,false,1.0,1.0,300,0.1,2,0.2782010753285004,0.0008358851983502385,-1.2940281285462478,0.004150146889759157
-0.0,-0.0,40.0,3,false,false,1.0,1.0,100,0.1,2,0.0,8.148023487204335e-13,11.283692711192487,0.011068603783791068
-0.0,-0.0,40.0,3,false,false,2.0,1.0,102,0.1,2,0.0,8.148023487204335e-13,0.1685326150841642,0.00014545126322305652
-0.0,-0.0,40.0,3,false,false,2.0,1.0,111,0.1,2,0.0,8.148023487204335e-13,0.007693691409711566,1.4177248858605315e-5
-0.0,-0.0,40.0,3,false,false,2.0,1.0,110,0.1,2,0.0,8.148023487204335e-13,0.054020599819876565,5.2126869491039276e-5
-0.0,-0.0,40.0,3,false,false,2.0,1.0,120,0.1,2,0.0,8.148023487204335e-13,6.359351645098078e-6,4.79484257323455e-6
-0.0,-0.0,40.0,3,false,false,2.0,1.0,200,0.1,2,0.001026662138161574,4.085226863750791e-5,0.9069034334352861,0.0015535690142683863
-0.0,-0.0,40.0,3,false,false,2.0,1.0,201,0.1,2,-0.006256610594181344,3.207944002544618e-5,0.1815259245826899,0.0005034262395644803
-0.0,-0.0,40.0,3,false,false,2.0,1.0,210,0.1,2,1.5060539011879928e-5,8.903948450708636e-7,-0.029575382540294626,6.936317391425819e-5
-0.0,-0.0,40.0,3,false,false,2.0,1.0,101,0.1,2,0.0,8.148023487204335e-13,0.5804790878275854,0.00045046094966274647
-0.0,-0.0,40.0,3,false,false,2.0,1.0,300,0.1,2,0.06913627844898283,0.0002091438080367413,-0.5956044401006876,0.0017628988189481404
-0.0,-0.0,40.0,3,false,false,2.0,1.0,100,0.1,2,0.0,8.148023487204335e-13,10.944415889649832,0.008500107712518957
-0.0,-0.0,40.0,3,false,false,3.0,1.0,102,0.1,2,0.0,8.148023487204335e-13,0.20434481996876455,0.00017500962441376644
-0.0,-0.0,40.0,3,false,false,3.0,1.0,111,0.1,2,0.0,8.148023487204335e-13,0.007864391470946442,1.3868691163936075e-5
-0.0,-0.0,40.0,3,false,false,3.0,1.0,110,0.1,2,0.0,8.148023487204335e-13,0.05092333965122142,5.063583783665593e-5
-0.0,-0.0,40.0,3,false,false,3.0,1.0,120,0.1,2,0.0,8.148023487204335e-13,7.057245772671053e-6,4.2386985848183e-6
-0.0,-0.0,40.0,3,false,false,3.0,1.0,200,0.1,2,0.0027978058614968053,2.4649791689003136e-5,0.8297208267465538,0.001376458892198339
-0.0,-0.0,40.0,3,false,false,3.0,1.0,201,0.1,2,-0.0027703760721477723,2.0590802720699686e-5,0.18388706863259413,0.00042832678583273187
-0.0,-0.0,40.0,3,false,false,3.0,1.0,210,0.1,2,1.5430209865026002e-5,6.902133797015506e-7,-0.01916693305251196,5.829726614857074e-5
-0.0,-0.0,40.0,3,false,false,3.0,1.0,101,0.1,2,0.0,8.148023487204335e-13,0.6870082104631736,0.0004834610119212146
-0.0,-0.0,40.0,3,false,false,3.0,1.0,300,0.1,2,0.02845599682671588,9.150811966699129e-5,-0.3701515810920407,0.0012137358469512802
-0.0,-0.0,40.0,3,false,false,3.0,1.0,100,0.1,2,0.0,8.148023487204335e-13,10.682970494503033,0.00781433057666983
-0.0,-0.0,40.0,3,false,false,4.0,1.0,102,0.1,2,0.0,8.148023487204335e-13,0.23349487546997075,0.0001582587883626653
-0.0,-0.0,40.0,3,false,false,4.0,1.0,111,0.1,2,0.0,8.148023487204335e-13,0.007917742885073317,1.2761598033145454e-5
-0.0,-0.0,40.0,3,false,false,4.0,1.0,110,0.1,2,0.0,8.148023487204335e-13,0.04860500824311284,4.290999278053228e-5
-0.0,-0.0,40.0,3,false,false,4.0,1.0,120,0.1,2,0.0,8.148023487204335e-13,9.725290979828072e-6,3.7481495194354456e-6
-0.0,-0.0,40.0,3,false,false,4.0,1.0,200,0.1,2,0.0033316957923152863,1.7479575704023888e-5,0.7780069273706648,0.0011525309447349065
-0.0,-0.0,40.0,3,false,false,4.0,1.0,201,0.1,2,-0.0011113261029566464,1.5774482745296684e-5,0.1841092604150343,0.000402479625591552
-0.0,-0.0,40.0,3,false,false,4.0,1.0,210,0.1,2,1.4084109904141009e-5,5.303258462552625e-7,-0.013756759692773249,4.4636525285692145e-5
-0.0,-0.0,40.0,3,false,false,4.0,1.0,101,0.1,2,0.0,8.148023487204335e-13,0.7707874033102016,0.0004666892497187623
-0.0,-0.0,40.0,3,false,false,4.0,1.0,300,0.1,2,0.014413354364611516,5.088618651805104e-5,-0.26188007558150467,0.0008448851484365381
-0.0,-0.0,40.0,3,false,false,4.0,1.0,100,0.1,2,0.0,8.148023487204335e-13,10.4820566944678,0.007517181253986579
-0.0,-0.0,40.0,3,false,false,5.0,1.0,102,0.1,2,0.0,8.148023487204335e-13,0.2590561796038728,0.00017319818147103745
-0.0,-0.0,40.0,3,false,false,5.0,1.0,111,0.1,2,0.0,8.148023487204335e-13,0.007975912470631221,1.3448182738335733e-5
-0.0,-0.0,40.0,3,false,false,5.0,1.0,110,0.1,2,0.0,8.148023487204335e-13,0.04686732077146687,4.292209225532861e-5
-0.0,-0.0,40.0,3,false,false,5.0,1.0,120,0.1,2,0.0,8.148023487204335e-13,9.081449995232195e-6,3.7689832285078212e-6
-0.0,-0.0,40.0,3,false,false,5.0,1.0,200,0.1,2,0.0034799810497603946,1.4945199793852339e-5,0.7374575272256748,0.0011187769226770063
-0.0,-0.0,40.0,3,false,false,5.0,1.0,201,0.1,2,-0.000198396732817302,1.3076386757321068e-5,0.18461526066857398,0.0003768252970085407
-0.0,-0.0,40.0,3,false,false,5.0,1.0,210,0.1,2,1.2694638002737722e-5,5.006486298095447e-7,-0.010686541079869077,4.3071163292731816e-5
-0.0,-0.0,40.0,3,false,false,5.0,1.0,101,0.1,2,0.0,8.148023487204335e-13,0.8412375027689956,0.0005007717079004862
-0.0,-0.0,40.0,3,false,false,5.0,1.0,300,0.1,2,0.00818009304585308,3.2354418932854385e-5,-0.19882909432475665,0.0006654141961621975
-0.0,-0.0,40.0,3,false,false,5.0,1.0,100,0.1,2,0.0,8.148023487204335e-13,10.299808013905746,0.006682418679363595
-0.0,-0.0,40.0,3,false,false,1.0,1.0,102,0.575,2,0.0,2.6939402654569325e-11,0.10150890844969965,4.001208769927561e-5
-0.0,-0.0,40.0,3,false,false,1.0,1.0,111,0.575,2,0.0,2.6939402654569325e-11,0.046374289314867694,2.0711996150347698e-5
-0.0,-0.0,40.0,3,false,false,1.0,1.0,110,0.575,2,0.0,2.6939402654569325e-11,0.18183907444086395,6.138409303262552e-5
-0.0,-0.0,40.0,3,false,false,1.0,1.0,120,0.575,2,0.0,2.6939402654569325e-11,0.0010307476879035358,2.6993370821057763e-5
-0.0,-0.0,40.0,3,false,false,1.0,1.0,200,0.575,2,0.04809427365538236,5.7387750220186685e-5,0.39623854408281944,0.00031018798049578343
-0.0,-0.0,40.0,3,false,false,1.0,1.0,201,0.575,2,0.037849187392642265,5.990611816241427e-5,0.1693963879177781,0.00015596353475379621
-0.0,-0.0,40.0,3,false,false,1.0,1.0,210,0.575,2,0.0039925172594604584,2.014975802036785e-5,-0.017477558689439936,0.00010575031038143458
-0.0,-0.0,40.0,3,false,false,1.0,1.0,101,0.575,2,0.0,2.6939402654569325e-11,0.2704175204371207,8.466640073192493e-5
-0.0,-0.0,40.0,3,false,false,1.0,1.0,300,0.575,2,-0.02799842597091345,0.0001403192456807612,-0.06364782851997455,0.00029323856101712493
-0.0,-0.0,40.0,3,false,false,1.0,1.0,100,0.575,2,0.0,2.6939402654569325e-11,1.4014769804506033,0.0004380432422933853
-0.0,-0.0,40.0,3,false,false,2.0,1.0,102,0.575,2,0.0,2.6939402654569325e-11,0.13048115920371922,3.554042917661795e-5
-0.0,-0.0,40.0,3,false,false,2.0,1.0,111,0.575,2,0.0,2.6939402654569325e-11,0.04547276895879281,1.5055737175133786e-5
-0.0,-0.0,40.0,3,false,false,2.0,1.0,110,0.575,2,0.0,2.6939402654569325e-11,0.14992725356169315,3.9063720291565205e-5
-0.0,-0.0,40.0,3,false,false,2.0,1.0,120,0.575,2,0.0,2.6939402654569325e-11,0.0010058859289415955,2.1102643669949476e-5
-0.0,-0.0,40.0,3,false,false,2.0,1.0,200,0.575,2,0.02628804157902132,2.430171144762756e-5,0.2853440652734767,0.00020744618815998953
-0.0,-0.0,40.0,3,false,false,2.0,1.0,201,0.575,2,0.02502044768120295,2.8021313469929103e-5,0.1512958443136665,0.0001274139509081214
-0.0,-0.0,40.0,3,false,false,2.0,1.0,210,0.575,2,0.0021238113893700945,1.112699517313952e-5,0.0032230151411461933,6.21285425021445e-5
-0.0,-0.0,40.0,3,false,false,2.0,1.0,101,0.575,2,0.0,2.6939402654569325e-11,0.3129716175154185,7.481731731034126e-5
-0.0,-0.0,40.0,3,false,false,2.0,1.0,300,0.575,2,-0.012061888613206133,3.8085731974110365e-5,-0.00813083490564569,0.00014540940193549106
-0.0,-0.0,40.0,3,false,false,2.0,1.0,100,0.575,2,0.0,2.6939402654569325e-11,1.1989075356872716,0.0003258638069028031
-0.0,-0.0,40.0,3,false,false,3.0,1.0,102,0.575,2,0.0,2.6939402654569325e-11,0.14797243468394664,3.741052565707949e-5
-0.0,-0.0,40.0,3,false,false,3.0,1.0,111,0.575,2,0.0,2.6939402654569325e-11,0.04458234636890212,1.3769646655355466e-5
-0.0,-0.0,40.0,3,false,false,3.0,1.0,110,0.575,2,0.0,2.6939402654569325e-11,0.13165940143878824,3.1658704031842814e-5
-0.0,-0.0,40.0,3,false,false,3.0,1.0,120,0.575,2,0.0,2.6939402654569325e-11,0.0010498636918317924,1.700387262486347e-5
-0.0,-0.0,40.0,3,false,false,3.0,1.0,200,0.575,2,0.017549140860450303,1.3997234267586868e-5,0.22672267742008848,0.0001453283708998423
-0.0,-0.0,40.0,3,false,false,3.0,1.0,201,0.575,2,0.01824626991743812,1.762777876183755e-5,0.1367610395959116,9.98977441760301e-5
-0.0,-0.0,40.0,3,false,false,3.0,1.0,210,0.575,2,0.001427099308487843,7.351437289030318e-6,0.007720746389504389,5.5434281804744055e-5
-0.0,-0.0,40.0,3,false,false,3.0,1.0,101,0.575,2,0.0,2.6939402654569325e-11,0.3307560781977877,6.848764790723753e-5
-0.0,-0.0,40.0,3,false,false,3.0,1.0,300,0.575,2,-0.006074577578097602,1.7378779701611467e-5,0.0028907236130750165,9.750360616097587e-5
-0.0,-0.0,40.0,3,false,false,3.0,1.0,100,0.575,2,0.0,2.6939402654569325e-11,1.0680870546929313,0.0001966225278018098
-0.0,-0.0,40.0,3,false,false,4.0,1.0,102,0.575,2,0.0,2.6939402654569325e-11,0.15993565850498195,3.5641164444762765e-5
-0.0,-0.0,40.0,3,false,false,4.0,1.0,111,0.575,2,0.0,2.6939402654569325e-11,0.04371022388902203,1.321187112775012e-5
-0.0,-0.0,40.0,3,false,false,4.0,1.0,110,0.575,2,0.0,2.6939402654569325e-11,0.11896944368500731,2.857145475417931e-5
-0.0,-0.0,40.0,3,false,false,4.0,1.0,120,0.575,2,0.0,2.6939402654569325e-11,0.000994318838254915,1.5764355661839505e-5
-0.0,-0.0,40.0,3,false,false,4.0,1.0,200,0.575,2,0.012908265491338574,1.1708341033793662e-5,0.18915174580746544,0.00012887565338020826
-0.0,-0.0,40.0,3,false,false,4.0,1.0,201,0.575,2,0.014195828296733982,1.4312525286998131e-5,0.12502763297150352,9.010338812037995e-5
-0.0,-0.0,40.0,3,false,false,4.0,1.0,210,0.575,2,0.001045375371231006,5.021296631495779e-6,0.00900964714990015,4.4131034228614885e-5
-0.0,-0.0,40.0,3,false,false,4.0,1.0,101,0.575,2,0.0,2.6939402654569325e-11,0.3386233859695746,7.558902440350631e-5
-0.0,-0.0,40.0,3,false,false,4.0,1.0,300,0.575,2,-0.0035300912416749374,1.1797267889501027e-5,0.00600186841181069,8.718694149795798e-5
-0.0,-0.0,40.0,3,false,false,4.0,1.0,100,0.575,2,0.0,2.6939402654569325e-11,0.9721962235682722,0.00020355639523433623
-0.0,-0.0,40.0,3,false,false,5.0,1.0,102,0.575,2,0.0,2.6939402654569325e-11,0.1683764469050113,3.215986736323129e-5
-0.0,-0.0,40.0,3,false,false,5.0,1.0,111,0.575,2,0.0,2.6939402654569325e-11,0.042820391788707834,1.1520859629699546e-5
-0.0,-0.0,40.0,3,false,false,5.0,1.0,110,0.575,2,0.0,2.6939402654569325e-11,0.10931051893936813,2.382762110542532e-5
-0.0,-0.0,40.0,3,false,false,5.0,1.0,120,0.575,2,0.0,2.6939402654569325e-11,0.0009714187713954931,1.3909252704240063e-5
-0.0,-0.0,40.0,3,false,false,5.0,1.0,200,0.575,2,0.010047497522547863,8.992073315025352e-6,0.16236457228176743,0.00011067736653864274
-0.0,-0.0,40.0,3,false,false,5.0,1.0,201,0.575,2,0.0115157168151977,1.115128557466415e-5,0.11524882207816507,7.494817209078577e-5
-0.0,-0.0,40.0,3,false,false,5.0,1.0,210,0.575,2,0.0008225654507969608,3.896541922477929e-6,0.00927522300158745,3.470870192486307e-5
-0.0,-0.0,40.0,3,false,false,5.0,1.0,101,0.575,2,0.0,2.6939402654569325e-11,0.34113782724736297,6.966146790801176e-5
-0.0,-0.0,40.0,3,false,false,5.0,1.0,300,0.575,2,-0.0022650872979297593,8.269377939555303e-6,0.006622284590971567,7.150337932273834e-5
-0.0,-0.0,40.0,3,false,false,5.0,1.0,100,0.575,2,0.0,2.6939402654569325e-11,0.8961973125953637,0.00017856756036681813
-0.0,-0.0,20.0,3,false,false,2.0,1.0,110,1.0,2,0.0,4.074011743602167e-11,0.17577174926781128,1.7343585594976783e-5
-0.0,-0.0,20.0,3,false,false,2.0,1.0,200,1.0,2,0.015985749100846897,1.1972363742963877e-5,0.14129306355733937,6.702141671132859e-5
-0.0,-0.0,20.0,3,false,false,2.0,1.0,101,1.0,2,0.0,4.074011743602167e-11,0.19596550729507844,1.6785836596105643e-5
-0.0,-0.0,20.0,3,false,false,2.0,1.0,100,1.0,2,0.0,4.074011743602167e-11,0.4782979882198823,4.1957290711648566e-5
-0.0,-0.0,40.0,3,false,false,0.5,1.0,102,1.0,2,0.0,8.148023487204334e-11,0.06810566076651403,2.7515236252702287e-5
-0.0,-0.0,40.0,3,false,false,0.5,1.0,111,1.0,2,0.0,8.148023487204334e-11,0.07989660277142444,2.8775622476054336e-5
-0.0,-0.0,40.0,3,false,false,0.5,1.0,110,1.0,2,0.0,8.148023487204334e-11,0.2829536369774829,8.234497880968418e-5
-0.0,-0.0,40.0,3,false,false,0.5,1.0,120,1.0,2,0.0,8.148023487204334e-11,0.005385180623338458,9.492547864698858e-5
-0.0,-0.0,40.0,3,false,false,0.5,1.0,200,1.0,2,0.10276123088321854,9.557912994295432e-5,0.3283258354346738,0.00023445126464463907
-0.0,-0.0,40.0,3,false,false,0.5,1.0,201,1.0,2,0.09124518547490891,9.80359312250403e-5,0.15950505862821301,0.00011515014420368077
-0.0,-0.0,40.0,3,false,false,0.5,1.0,210,1.0,2,0.025296933839176913,0.00010391198939378503,-0.007776401815541477,0.00018337346533010054
-0.0,-0.0,40.0,3,false,false,0.5,1.0,101,1.0,2,0.0,8.148023487204334e-11,0.1708774072996733,5.239894208307414e-5
-0.0,-0.0,40.0,3,false,false,0.5,1.0,300,1.0,2,-0.09485423159897016,0.00033520424450945595,-0.03989406625665902,0.00032403771609901044
-0.0,-0.0,40.0,3,false,false,0.5,1.0,100,1.0,2,0.0,8.148023487204334e-11,0.7385384105948395,0.00022050907466294466
-0.0,-0.0,40.0,3,false,false,1.0,1.0,102,1.0,2,0.0,8.148023487204334e-11,0.08530140884043723,2.5487632091844942e-5
-0.0,-0.0,40.0,3,false,false,1.0,1.0,111,1.0,2,0.0,8.148023487204334e-11,0.07750430556786524,2.247988676936744e-5
-0.0,-0.0,40.0,3,false,false,1.0,1.0,110,1.0,2,0.0,8.148023487204334e-11,0.22842279829547785,5.4607128090935496e-5
-0.0,-0.0,40.0,3,false,false,1.0,1.0,120,1.0,2,0.0,8.148023487204334e-11,0.005357653257609863,6.0962175515143e-5
-0.0,-0.0,40.0,3,false,false,1.0,1.0,200,1.0,2,0.052672769432369135,3.8049092096960925e-5,0.2258309555930477,0.00012618068784134973
-0.0,-0.0,40.0,3,false,false,1.0,1.0,201,1.0,2,0.05491729949452392,4.646311261421834e-5,0.13670854989722558,7.854322732903794e-5
-0.0,-0.0,40.0,3,false,false,1.0,1.0,210,1.0,2,0.012867496119777522,4.726286822173711e-5,0.02373352543378279,0.00011957561918132978
-0.0,-0.0,40.0,3,false,false,1.0,1.0,101,1.0,2,0.0,8.148023487204334e-11,0.19034990748282096,4.385134620808518e-5
-0.0,-0.0,40.0,3,false,false,1.0,1.0,300,1.0,2,-0.03147845997676018,8.531207148258312e-5,0.005529708086578083,0.00016313702193314285
-0.0,-0.0,40.0,3,false,false,1.0,1.0,100,1.0,2,0.0,8.148023487204334e-11,0.6125915679014009,0.00014195744044973466
-0.0,-0.0,40.0,3,false,false,1.0,1.0,121,1.0,2,0.0,8.148023487204334e-11,-0.0004678116571569901,0.00010194616407476447
-0.0,-0.0,40.0,3,false,false,1.0,1.0,400,1.0,2,-0.015535901171846448,0.00034830994282918125,-0.026106708700526806,0.0005058878961047477
-0.0,-0.0,40.0,3,false,false,1.0,1.0,112,1.0,2,0.0,8.148023487204334e-11,-0.04135437759773695,3.940022504995673e-5
-0.0,-0.0,40.0,3,false,false,1.0,1.0,202,1.0,2,-0.06819201456542524,0.00011195946789673864,-0.1129550477216949,0.0001375601627656186
-0.0,-0.0,40.0,3,false,false,1.0,1.0,310,1.0,2,0.01880576756284239,0.0002704683702139622,-0.013026696829948784,0.00047392791483992155
-0.0,-0.0,40.0,3,false,false,1.0,1.0,103,1.0,2,0.0,8.148023487204334e-11,-0.04892460227328139,5.097449893835202e-5
-0.0,-0.0,40.0,3,false,false,1.0,1.0,130,1.0,2,0.0,8.148023487204334e-11,0.014693462585367351,0.0007956950232906107
-0.0,-0.0,40.0,3,false,false,1.0,1.0,211,1.0,2,-0.01338458735445394,0.00010527800564519247,0.019958279714411966,0.00015590377864524584
-0.0,-0.0,40.0,3,false,false,1.0,1.0,220,1.0,2,0.0033694951739384783,0.00025120877355228684,0.027542227125785662,0.0007157596918326851
-0.0,-0.0,40.0,3,false,false,1.0,1.0,301,1.0,2,0.05727427815916701,0.00021072742529073586,0.02751288420956018,0.00021461987453104858
-0.0,-0.0,40.0,3,false,false,1.5,1.0,102,1.0,2,0.0,8.148023487204334e-11,0.09479526678322385,2.358947427523864e-5
-0.0,-0.0,40.0,3,false,false,1.5,1.0,111,1.0,2,0.0,8.148023487204334e-11,0.075176241515668,1.9270333654761494e-5
-0.0,-0.0,40.0,3,false,false,1.5,1.0,110,1.0,2,0.0,8.148023487204334e-11,0.1973694978149265,4.379446783573331e-5
-0.0,-0.0,40.0,3,false,false,1.5,1.0,120,1.0,2,0.0,8.148023487204334e-11,0.005156608200713321,5.483093930532441e-5
-0.0,-0.0,40.0,3,false,false,1.5,1.0,200,1.0,2,0.03392415248476711,2.5464024095760223e-5,0.17368006381852016,0.00010487864659087396
-0.0,-0.0,40.0,3,false,false,1.5,1.0,201,1.0,2,0.03822369423927706,2.992295385350484e-5,0.11950153350464444,7.153928244863766e-5
-0.0,-0.0,40.0,3,false,false,1.5,1.0,210,1.0,2,0.008397716973407863,2.9050918167053365e-5,0.02796306693040903,8.888980402902536e-5
-0.0,-0.0,40.0,3,false,false,1.5,1.0,101,1.0,2,0.0,8.148023487204334e-11,0.19567233331440803,3.9664170240297145e-5
-0.0,-0.0,40.0,3,false,false,1.5,1.0,300,1.0,2,-0.014483537593850078,3.906912916549354e-5,0.011523216256230496,0.00010727417240961103
-0.0,-0.0,40.0,3,false,false,1.5,1.0,100,1.0,2,0.0,8.148023487204334e-11,0.5342073162924926,0.00010562875181425679
-0.0,-0.0,40.0,3,false,false,2.0,1.0,102,1.0,2,0.0,8.148023487204334e-11,0.10051619788693061,2.2009568868144518e-5
-0.0,-0.0,40.0,3,false,false,2.0,1.0,111,1.0,2,0.0,8.148023487204334e-11,0.07290342603143471,1.6963616923635648e-5
-0.0,-0.0,40.0,3,false,false,2.0,1.0,110,1.0,2,0.0,8.148023487204334e-11,0.17602546003992717,3.6763676798764195e-5
-0.0,-0.0,40.0,3,false,false,2.0,1.0,120,1.0,2,0.0,8.148023487204334e-11,0.004925409887060371,4.8448114102388265e-5
-0.0,-0.0,40.0,3,false,false,2.0,1.0,200,1.0,2,0.024321866432505158,1.943094815961698e-5,0.14104942567517395,8.774903455952987e-5
-0.0,-0.0,40.0,3,false,false,2.0,1.0,201,1.0,2,0.02877996527098697,2.3767658625064363e-5,0.10628680422961459,6.0564121440479544e-5
-0.0,-0.0,40.0,3,false,false,2.0,1.0,210,1.0,2,0.006088632974686132,2.3665521424018222e-5,0.027376421383915602,7.670970023164392e-5
-0.0,-0.0,40.0,3,false,false,2.0,1.0,101,1.0,2,0.0,8.148023487204334e-11,0.19578140858333412,3.893134345471723e-5
-0.0,-0.0,40.0,3,false,false,2.0,1.0,300,1.0,2,-0.008057648040603462,2.5780564341252983e-5,0.011340702405099141,8.36255278814633e-5
-0.0,-0.0,40.0,3,false,false,2.0,1.0,100,1.0,2,0.0,8.148023487204334e-11,0.4776734661937726,8.361741676099855e-5
-0.0,-0.0,40.0,3,false,false,3.0,1.0,102,1.0,2,0.0,8.148023487204334e-11,0.10641279515913442,2.1903446657706488e-5
-0.0,-0.0,40.0,3,false,false,3.0,1.0,111,1.0,2,0.0,8.148023487204334e-11,0.06884976997006473,1.5047964904771841e-5
-0.0,-0.0,40.0,3,false,false,3.0,1.0,110,1.0,2,0.0,8.148023487204334e-11,0.14725540279718377,2.9227023982371105e-5
-0.0,-0.0,40.0,3,false,false,3.0,1.0,120,1.0,2,0.0,8.148023487204334e-11,0.004663692709780947,3.614433874500618e-5
-0.0,-0.0,40.0,3,false,false,3.0,1.0,200,1.0,2,0.01484641251301414,1.17385669215153e-5,0.10199329785503931,6.378424418389161e-5
-0.0,-0.0,40.0,3,false,false,3.0,1.0,201,1.0,2,0.018692660204719547,1.4428031848495483e-5,0.08674961382021203,4.701568591190119e-5
-0.0,-0.0,40.0,3,false,false,3.0,1.0,210,1.0,2,0.0037911011208737254,1.3249911868758124e-5,0.024079100910382796,5.045058776468375e-5
-0.0,-0.0,40.0,3,false,false,3.0,1.0,101,1.0,2,0.0,8.148023487204334e-11,0.19028353278668067,3.564723118086597e-5
-0.0,-0.0,40.0,3,false,false,3.0,1.0,300,1.0,2,-0.0033734773953184773,1.3860688028665026e-5,0.009085113425099966,5.709506639928145e-5
-0.0,-0.0,40.0,3,false,false,3.0,1.0,100,1.0,2,0.0,8.148023487204334e-11,0.39937113416851727,5.692642111894397e-5
-0.0,-0.0,40.0,3,false,false,4.0,1.0,102,1.0,2,0.0,8.148023487204334e-11,0.10833117221069613,2.06433265517796e-5
-0.0,-0.0,40.0,3,false,false,4.0,1.0,111,1.0,2,0.0,8.148023487204334e-11,0.06516894877065713,1.5138086399464467e-5
-0.0,-0.0,40.0,3,false,false,4.0,1.0,110,1.0,2,0.0,8.148023487204334e-11,0.12799975780383185,2.7787617283307033e-5
-0.0,-0.0,40.0,3,false,false,4.0,1.0,120,1.0,2,0.0,8.148023487204334e-11,0.004465839476651205,3.327098724128786e-5
-0.0,-0.0,40.0,3,false,false,4.0,1.0,200,1.0,2,0.010250949104240705,1.0210174438822355e-5,0.07906001877105269,6.393074396123855e-5
-0.0,-0.0,40.0,3,false,false,4.0,1.0,201,1.0,2,0.01344974685708786,1.2649310688565395e-5,0.07284925150283744,4.928902885270695e-5
-0.0,-0.0,40.0,3,false,false,4.0,1.0,210,1.0,2,0.0026722166058058493,1.171828423783575e-5,0.020722865256286655,4.557680209033227e-5
-0.0,-0.0,40.0,3,false,false,4.0,1.0,101,1.0,2,0.0,8.148023487204334e-11,0.18199390497823806,3.30123995898253e-5
-0.0,-0.0,40.0,3,false,false,4.0,1.0,300,1.0,2,-0.001839542654313504,1.073843308982139e-5,0.006914131612935216,5.301338472589537e-5
-0.0,-0.0,40.0,3,false,false,4.0,1.0,100,1.0,2,0.0,8.148023487204334e-11,0.3456060525493569,5.242841606490636e-5
-0.0,-0.0,40.0,3,false,false,5.0,1.0,102,1.0,2,0.0,8.148023487204334e-11,0.10826251463334687,2.1277444654944345e-5
-0.0,-0.0,40.0,3,false,false,5.0,1.0,111,1.0,2,0.0,8.148023487204334e-11,0.06188628762314743,1.6717152150322427e-5
-0.0,-0.0,40.0,3,false,false,5.0,1.0,110,1.0,2,0.0,8.148023487204334e-11,0.11379900233443448,2.8279237756719902e-5
-0.0,-0.0,40.0,3,false,false,5.0,1.0,120,1.0,2,0.0,8.148023487204334e-11,0.004230377322542151,2.8012698728959975e-5
-0.0,-0.0,40.0,3,false,false,5.0,1.0,200,1.0,2,0.007624498069392583,8.650737394047169e-6,0.06411054562511014,6.137393078987275e-5
-0.0,-0.0,40.0,3,false,false,5.0,1.0,201,1.0,2,0.010285240421574967,1.1374969512957238e-5,0.06259779508235876,4.758850729149914e-5
-0.0,-0.0,40.0,3,false,false,5.0,1.0,210,1.0,2,0.002014163349004295,8.344827805652752e-6,0.018013212300666468,4.109509693723541e-5
-0.0,-0.0,40.0,3,false,false,5.0,1.0,101,1.0,2,0.0,8.148023487204334e-11,0.1734041550434291,3.366005566576399e-5
-0.0,-0.0,40.0,3,false,false,5.0,1.0,300,1.0,2,-0.0011543478913909797,8.788020783381814e-6,0.005292005722080479,4.487871813579806e-5
-0.0,-0.0,40.0,3,false,false,5.0,1.0,100,1.0,2,0.0,8.148023487204334e-11,0.3059547804122586,5.4966761036482146e-5
-0.0,-0.0,200.0,3,false,false,2.0,1.0,110,1.0,2,0.0,4.0740117436021666e-10,0.1762389541575701,4.346172712472782e-5
-0.0,-0.0,200.0,3,false,false,2.0,1.0,200,1.0,2,0.034433538424032496,2.8900234750399073e-5,0.14119795097432036,8.33792294201164e-5
-0.0,-0.0,200.0,3,false,false,2.0,1.0,101,1.0,2,0.0,4.0740117436021666e-10,0.19583850105812692,1.8092525856227722e-5
-0.0,-0.0,200.0,3,false,false,2.0,1.0,100,1.0,2,0.0,4.0740117436021666e-10,0.4777254982804894,3.720709127073812e-5
-0.0,-0.0,40.0,3,false,false,1.0,1.0,102,1.05,2,0.0,8.983195894642779e-11,0.08348581465884339,2.333327601729317e-5
-0.0,-0.0,40.0,3,false,false,1.0,1.0,111,1.05,2,0.0,8.983195894642779e-11,0.08085128392730138,2.1752735991529035e-5
-0.0,-0.0,40.0,3,false,false,1.0,1.0,110,1.05,2,0.0,8.983195894642779e-11,0.23183166016108514,5.451525234169948e-5
-0.0,-0.0,40.0,3,false,false,1.0,1.0,120,1.05,2,0.0,8.983195894642779e-11,0.006119936334372211,6.755037981987952e-5
-0.0,-0.0,40.0,3,false,false,1.0,1.0,200,1.05,2,0.05237400507614664,3.8832275550600305e-5,0.21259471700328517,0.00013118974838330878
-0.0,-0.0,40.0,3,false,false,1.0,1.0,201,1.05,2,0.0556687487910192,4.463915314149419e-5,0.13258145871080138,7.668232216581155e-5
-0.0,-0.0,40.0,3,false,false,1.0,1.0,210,1.05,2,0.014164625508356943,5.052473872743675e-5,0.02784584497100888,0.0001247624604895485
-0.0,-0.0,40.0,3,false,false,1.0,1.0,101,1.05,2,0.0,8.983195894642779e-11,0.18300003441530854,4.0927334851978823e-5
-0.0,-0.0,40.0,3,false,false,1.0,1.0,300,1.05,2,-0.030491302229898303,8.186028180475646e-5,0.007891055472047066,0.00015056872393167127
-0.0,-0.0,40.0,3,false,false,1.0,1.0,100,1.05,2,0.0,8.983195894642779e-11,0.5658866092399139,0.00012112019166486576
-0.0,-0.0,40.0,3,false,false,2.0,1.0,102,1.05,2,0.0,8.983195894642779e-11,0.09736143875706298,2.2425406375161477e-5
-0.0,-0.0,40.0,3,false,false,2.0,1.0,111,1.05,2,0.0,8.983195894642779e-11,0.07567757351990925,1.842227623458425e-5
-0.0,-0.0,40.0,3,false,false,2.0,1.0,110,1.05,2,0.0,8.983195894642779e-11,0.177461654450245,3.8036653225245576e-5
-0.0,-0.0,40.0,3,false,false,2.0,1.0,120,1.05,2,0.0,8.983195894642779e-11,0.005652918672086664,5.2474382297839306e-5
-0.0,-0.0,40.0,3,false,false,2.0,1.0,200,1.05,2,0.023896193481407528,1.907699254448418e-5,0.13120749780501534,8.063063229469636e-5
-0.0,-0.0,40.0,3,false,false,2.0,1.0,201,1.05,2,0.028721677338531756,2.3943240907621164e-5,0.10167020330544012,5.654345793022871e-5
-0.0,-0.0,40.0,3,false,false,2.0,1.0,210,1.05,2,0.0066086959190501705,2.0841951788054796e-5,0.02960731325527346,7.635687677339953e-5
-0.0,-0.0,40.0,3,false,false,2.0,1.0,101,1.05,2,0.0,8.983195894642779e-11,0.18594847676734483,3.648511041584954e-5
-0.0,-0.0,40.0,3,false,false,2.0,1.0,300,1.05,2,-0.007594429808315212,2.5603659226481463e-5,0.011633759569479391,7.823953146492004e-5
-0.0,-0.0,40.0,3,false,false,2.0,1.0,100,1.05,2,0.0,8.983195894642779e-11,0.436942708409686,8.676984703884863e-5
-0.0,-0.0,40.0,3,false,false,3.0,1.0,102,1.05,2,0.0,8.983195894642779e-11,0.10219705960547143,2.2232789030711678e-5
-0.0,-0.0,40.0,3,false,false,3.0,1.0,111,1.05,2,0.0,8.983195894642779e-11,0.07105094112569205,1.72598416829627e-5
-0.0,-0.0,40.0,3,false,false,3.0,1.0,110,1.05,2,0.0,8.983195894642779e-11,0.1476709622892794,3.2040886649709794e-5
-0.0,-0.0,40.0,3,false,false,3.0,1.0,120,1.05,2,0.0,8.983195894642779e-11,0.005306026377863818,4.121421422423792e-5
-0.0,-0.0,40.0,3,false,false,3.0,1.0,200,1.05,2,0.014439760290877653,1.3424690527269112e-5,0.09381169878862772,7.070701287057494e-5
-0.0,-0.0,40.0,3,false,false,3.0,1.0,201,1.05,2,0.018443965170942232,1.7415013437302816e-5,0.08191623295383742,5.304155605956025e-5
-0.0,-0.0,40.0,3,false,false,3.0,1.0,210,1.05,2,0.004093514597867817,1.5983592969784483e-5,0.025314656684231593,6.230936433295008e-5
-0.0,-0.0,40.0,3,false,false,3.0,1.0,101,1.05,2,0.0,8.983195894642779e-11,0.17891561247533921,3.5299309980608885e-5
-0.0,-0.0,40.0,3,false,false,3.0,1.0,300,1.05,2,-0.0031983905131248596,1.535817996705643e-5,0.008883612700824514,6.122316239445757e-5
-0.0,-0.0,40.0,3,false,false,3.0,1.0,100,1.05,2,0.0,8.983195894642779e-11,0.3626844733160311,5.7444381371630145e-5
-0.0,-0.0,40.0,3,false,false,4.0,1.0,102,1.05,2,0.0,8.983195894642779e-11,0.10330688039065303,2.0365565166416527e-5
-0.0,-0.0,40.0,3,false,false,4.0,1.0,111,1.05,2,0.0,8.983195894642779e-11,0.06698274369226262,1.593734566899316e-5
-0.0,-0.0,40.0,3,false,false,4.0,1.0,110,1.05,2,0.0,8.983195894642779e-11,0.12778569319702726,2.807589247091624e-5
-0.0,-0.0,40.0,3,false,false,4.0,1.0,120,1.05,2,0.0,8.983195894642779e-11,0.005000427202440644,3.1340212360821786e-5
-0.0,-0.0,40.0,3,false,false,4.0,1.0,200,1.05,2,0.009928351199201515,9.719297391938754e-6,0.07213728408256113,5.7987782616538374e-5
-0.0,-0.0,40.0,3,false,false,4.0,1.0,201,1.05,2,0.013179498236603646,1.2670580688171251e-5,0.06822212150073083,4.565803751812269e-5
-0.0,-0.0,40.0,3,false,false,4.0,1.0,210,1.05,2,0.0028640798723240917,1.0966133463841652e-5,0.02159949378271016,4.0382415559403614e-5
-0.0,-0.0,40.0,3,false,false,4.0,1.0,101,1.05,2,0.0,8.983195894642779e-11,0.16992607481781122,3.166806737851469e-5
-0.0,-0.0,40.0,3,false,false,4.0,1.0,300,1.05,2,-0.0017309524794031498,1.0666829914465283e-5,0.006445439482286257,4.9262266885534055e-5
-0.0,-0.0,40.0,3,false,false,4.0,1.0,100,1.05,2,0.0,8.983195894642779e-11,0.3124205470438366,5.149375579052115e-5
-0.0,-0.0,40.0,3,false,false,5.0,1.0,102,1.05,2,0.0,8.983195894642779e-11,0.10266203233395456,2.0090535306964255e-5
-0.0,-0.0,40.0,3,false,false,5.0,1.0,111,1.05,2,0.0,8.983195894642779e-11,0.06335259155089572,1.4268422061549348e-5
-0.0,-0.0,40.0,3,false,false,5.0,1.0,110,1.05,2,0.0,8.983195894642779e-11,0.1132231929991295,2.3580645183790885e-5
-0.0,-0.0,40.0,3,false,false,5.0,1.0,120,1.05,2,0.0,8.983195894642779e-11,0.004723992414670106,2.8975696220708983e-5
-0.0,-0.0,40.0,3,false,false,5.0,1.0,200,1.05,2,0.007354239906969751,8.175242644291441e-6,0.05811143180200395,5.40991564448558e-5
-0.0,-0.0,40.0,3,false,false,5.0,1.0,201,1.05,2,0.010048760024085108,1.0309365172075808e-5,0.058192043258145504,4.2336063488404945e-5
-0.0,-0.0,40.0,3,false,false,5.0,1.0,210,1.05,2,0.002160041567637024,8.062983764981725e-6,0.018534863837712138,3.62673895564116e-5
-0.0,-0.0,40.0,3,false,false,5.0,1.0,101,1.05,2,0.0,8.983195894642779e-11,0.1609250001408037,2.8721559715816943e-5
-0.0,-0.0,40.0,3,false,false,5.0,1.0,300,1.05,2,-0.0011080206866150987,8.709039396212581e-6,0.0048365599545117845,4.1102079359210935e-5
-0.0,-0.0,40.0,3,false,false,5.0,1.0,100,1.05,2,0.0,8.983195894642779e-11,0.2755952799604694,4.389492670971662e-5
-0.0,-0.0,40.0,3,false,false,1.0,1.0,102,1.525,2,0.0,1.8949247122429578e-10,0.0675916482287589,1.8634277416516836e-5
-0.0,-0.0,40.0,3,false,false,1.0,1.0,111,1.525,2,0.0,1.8949247122429578e-10,0.10908681855950314,2.695459202889111e-5
-0.0,-0.0,40.0,3,false,false,1.0,1.0,110,1.525,2,0.0,1.8949247122429578e-10,0.25189374014401605,5.59690970940953e-5
-0.0,-0.0,40.0,3,false,false,1.0,1.0,120,1.525,2,0.0,1.8949247122429578e-10,0.017258276131282953,0.00010839362827974903
-0.0,-0.0,40.0,3,false,false,1.0,1.0,200,1.525,2,0.04721447892700079,3.953381688543273e-5,0.12570246647611905,8.185356667445826e-5
-0.0,-0.0,40.0,3,false,false,1.0,1.0,201,1.525,2,0.057271188449910276,4.86767605692115e-5,0.09906467632127057,5.779410865639203e-5
-0.0,-0.0,40.0,3,false,false,1.0,1.0,210,1.525,2,0.027645601065392288,9.585664292133657e-5,0.06152813374392148,0.0001349217586897033
-0.0,-0.0,40.0,3,false,false,1.0,1.0,101,1.525,2,0.0,1.8949247122429578e-10,0.12758246596632,2.9538070136660698e-5
-0.0,-0.0,40.0,3,false,false,1.0,1.0,300,1.525,2,-0.020757351812591446,7.312383960801461e-5,0.01653180655673568,0.00010773092188081596
-0.0,-0.0,40.0,3,false,false,1.0,1.0,100,1.525,2,0.0,1.8949247122429578e-10,0.2940365928346442,6.215244855817449e-5
-0.0,-0.0,40.0,3,false,false,2.0,1.0,102,1.525,2,0.0,1.8949247122429578e-10,0.07112596689513415,1.8813840543428728e-5
-0.0,-0.0,40.0,3,false,false,2.0,1.0,111,1.525,2,0.0,1.8949247122429578e-10,0.09607502361096162,2.4171618743048492e-5
-0.0,-0.0,40.0,3,false,false,2.0,1.0,110,1.525,2,0.0,1.8949247122429578e-10,0.18048118563169963,4.26497953305432e-5
-0.0,-0.0,40.0,3,false,false,2.0,1.0,120,1.525,2,0.0,1.8949247122429578e-10,0.015131854941252111,6.696030687983426e-5
-0.0,-0.0,40.0,3,false,false,2.0,1.0,200,1.525,2,0.01951022934846939,2.1422200784069203e-5,0.06869160844030071,6.218650941461127e-5
-0.0,-0.0,40.0,3,false,false,2.0,1.0,201,1.525,2,0.026079828043379348,2.7801546725485973e-5,0.06583358502653411,4.746270965719309e-5
-0.0,-0.0,40.0,3,false,false,2.0,1.0,210,1.525,2,0.011933487112409715,4.423579501741737e-5,0.04400947329507223,9.551224414586954e-5
-0.0,-0.0,40.0,3,false,false,2.0,1.0,101,1.525,2,0.0,1.8949247122429578e-10,0.11563113266118058,2.5736360599977205e-5
-0.0,-0.0,40.0,3,false,false,2.0,1.0,300,1.525,2,-0.004761473537096569,3.18446124116188e-5,0.008734126378827733,6.650810909150667e-5
-0.0,-0.0,40.0,3,false,false,2.0,1.0,100,1.525,2,0.0,1.8949247122429578e-10,0.20884669294973407,4.2254375898720136e-5
-0.0,-0.0,40.0,3,false,false,3.0,1.0,102,1.525,2,0.0,1.8949247122429578e-10,0.06908011211795342,1.669277836896073e-5
-0.0,-0.0,40.0,3,false,false,3.0,1.0,111,1.525,2,0.0,1.8949247122429578e-10,0.08576932492734995,2.0526125118539064e-5
-0.0,-0.0,40.0,3,false,false,3.0,1.0,110,1.525,2,0.0,1.8949247122429578e-10,0.1434932942157698,3.1977650152694555e-5
-0.0,-0.0,40.0,3,false,false,3.0,1.0,120,1.525,2,0.0,1.8949247122429578e-10,0.01346236724118041,5.484112708968303e-5
-0.0,-0.0,40.0,3,false,false,3.0,1.0,200,1.525,2,0.011208715540470746,1.4504906115178258e-5,0.04561748227916,5.05768214513281e-5
-0.0,-0.0,40.0,3,false,false,3.0,1.0,201,1.525,2,0.01573253790109055,1.876729608578575e-5,0.04832814071274397,4.076194127599779e-5
-0.0,-0.0,40.0,3,false,false,3.0,1.0,210,1.525,2,0.007053080728626829,2.6945257618282833e-5,0.03246040070402219,6.348635506164113e-5
-0.0,-0.0,40.0,3,false,false,3.0,1.0,101,1.525,2,0.0,1.8949247122429578e-10,0.10306281119910289,2.3022030836409687e-5
-0.0,-0.0,40.0,3,false,false,3.0,1.0,300,1.525,2,-0.002154731826523629,2.0095248128181206e-5,0.004890617650824182,5.1297187125305194e-5
-0.0,-0.0,40.0,3,false,false,3.0,1.0,100,1.525,2,0.0,1.8949247122429578e-10,0.16450992758992014,3.808262511126867e-5
-0.0,-0.0,40.0,3,false,false,4.0,1.0,102,1.525,2,0.0,1.8949247122429578e-10,0.06565117109490497,1.9121778650867195e-5
-0.0,-0.0,40.0,3,false,false,4.0,1.0,111,1.525,2,0.0,1.8949247122429578e-10,0.07748628438000432,2.2274613493928446e-5
-0.0,-0.0,40.0,3,false,false,4.0,1.0,110,1.525,2,0.0,1.8949247122429578e-10,0.12002714348176348,3.1664430338207425e-5
-0.0,-0.0,40.0,3,false,false,4.0,1.0,120,1.525,2,0.0,1.8949247122429578e-10,0.012316025676493012,5.294826610203911e-5
-0.0,-0.0,40.0,3,false,false,4.0,1.0,200,1.525,2,0.007413519365074152,1.1910952773481131e-5,0.033248041508231053,4.561360649514673e-5
-0.0,-0.0,40.0,3,false,false,4.0,1.0,201,1.525,2,0.010778906912934205,1.5927155103682195e-5,0.037468785407236825,3.8467810783946244e-5
-0.0,-0.0,40.0,3,false,false,4.0,1.0,210,1.525,2,0.004761376918381242,1.7375706032835178e-5,0.02525344764338522,4.734241168754705e-5
-0.0,-0.0,40.0,3,false,false,4.0,1.0,101,1.525,2,0.0,1.8949247122429578e-10,0.09238877305802502,2.4587662877003532e-5
-0.0,-0.0,40.0,3,false,false,4.0,1.0,300,1.525,2,-0.0012626565790824378,1.5487518461727685e-5,0.002937926351365378,4.022361527900154e-5
-0.0,-0.0,40.0,3,false,false,4.0,1.0,100,1.525,2,0.0,1.8949247122429578e-10,0.13635253163946134,3.352713202195885e-5
-0.0,-0.0,40.0,3,false,false,5.0,1.0,102,1.525,2,0.0,1.8949247122429578e-10,0.0619404455990566,1.614989948017001e-5
-0.0,-0.0,40.0,3,false,false,5.0,1.0,111,1.525,2,0.0,1.8949247122429578e-10,0.07067952776853359,1.818096955489609e-5
-0.0,-0.0,40.0,3,false,false,5.0,1.0,110,1.525,2,0.0,1.8949247122429578e-10,0.10346599460236379,2.5397863653189195e-5
-0.0,-0.0,40.0,3,false,false,5.0,1.0,120,1.525,2,0.0,1.8949247122429578e-10,0.011145659510023961,4.0636091239903066e-5
-0.0,-0.0,40.0,3,false,false,5.0,1.0,200,1.525,2,0.005349230902838479,8.834215716330986e-6,0.025768335935050624,3.997775851552492e-5
-0.0,-0.0,40.0,3,false,false,5.0,1.0,201,1.525,2,0.0079723048126395,1.1951327658740726e-5,0.030347265862965014,3.367109897017571e-5
-0.0,-0.0,40.0,3,false,false,5.0,1.0,210,1.525,2,0.0034978539776560386,1.4645821455533477e-5,0.02037609017398955,4.457626688149334e-5
-0.0,-0.0,40.0,3,false,false,5.0,1.0,101,1.525,2,0.0,1.8949247122429578e-10,0.08353446357047085,2.069594629000437e-5
-0.0,-0.0,40.0,3,false,false,5.0,1.0,300,1.525,2,-0.0008695842554328759,1.3295534375948455e-5,0.0019072037375111876,3.4947784663990354e-5
-0.0,-0.0,40.0,3,false,false,5.0,1.0,100,1.525,2,0.0,1.8949247122429578e-10,0.11674665806291587,2.885689293156887e-5
-0.0,-0.0,40.0,3,false,false,1.0,1.0,102,2.0,2,0.0,3.2592093948817336e-10,0.05419273750558736,1.85590403706848e-5
-0.0,-0.0,40.0,3,false,false,1.0,1.0,111,2.0,2,0.0,3.2592093948817336e-10,0.13041495149780916,3.5979862600524344e-5
-0.0,-0.0,40.0,3,false,false,1.0,1.0,110,2.0,2,0.0,3.2592093948817336e-10,0.2561100955839375,6.325571191273422e-5
-0.0,-0.0,40.0,3,false,false,1.0,1.0,120,2.0,2,0.0,3.2592093948817336e-10,0.035371481543074186,0.0001521270181536084
-0.0,-0.0,40.0,3,false,false,1.0,1.0,200,2.0,2,0.041052792868431755,4.4120824730897044e-5,0.07910534261733443,7.027001396558833e-5
-0.0,-0.0,40.0,3,false,false,1.0,1.0,201,2.0,2,0.05377215210863964,5.755011026186535e-5,0.07285832766547336,5.184910472552742e-5
-0.0,-0.0,40.0,3,false,false,1.0,1.0,210,2.0,2,0.04250018068806692,0.00015105854442498443,0.08301252155507317,0.00018088555394343438
-0.0,-0.0,40.0,3,false,false,1.0,1.0,101,2.0,2,0.0,3.2592093948817336e-10,0.09109073964569331,2.7086051173422695e-5
-0.0,-0.0,40.0,3,false,false,1.0,1.0,300,2.0,2,-0.014754525943315307,8.405676483461728e-5,0.013838932446786753,9.521731625861056e-5
-0.0,-0.0,40.0,3,false,false,1.0,1.0,100,2.0,2,0.0,3.2592093948817336e-10,0.1729170639505881,4.732187591644832e-5
-0.0,-0.0,40.0,3,false,false,2.0,1.0,102,2.0,2,0.0,3.2592093948817336e-10,0.05157729841656947,1.6998584736866778e-5
-0.0,-0.0,40.0,3,false,false,2.0,1.0,111,2.0,2,0.0,3.2592093948817336e-10,0.10737621032642888,2.9116817406610928e-5
-0.0,-0.0,40.0,3,false,false,2.0,1.0,110,2.0,2,0.0,3.2592093948817336e-10,0.17316797623427654,4.3710108447305735e-5
-0.0,-0.0,40.0,3,false,false,2.0,1.0,120,2.0,2,0.0,3.2592093948817336e-10,0.029024626279713424,0.00010475708635823943
-0.0,-0.0,40.0,3,false,false,2.0,1.0,200,2.0,2,0.01583869423589516,2.3409890453127275e-5,0.03933982144102904,5.2865698885760146e-5
-0.0,-0.0,40.0,3,false,false,2.0,1.0,201,2.0,2,0.022663249450887005,3.080008157714782e-5,0.042966483089833515,4.151394214052093e-5
-0.0,-0.0,40.0,3,false,false,2.0,1.0,210,2.0,2,0.017367466919556394,6.47080343607499e-5,0.049801147528677876,0.00010871298053773134
-0.0,-0.0,40.0,3,false,false,2.0,1.0,101,2.0,2,0.0,3.2592093948817336e-10,0.07481044651243236,2.1673446600293138e-5
-0.0,-0.0,40.0,3,false,false,2.0,1.0,300,2.0,2,-0.0037474049629422357,4.395239252205024e-5,0.005081562047176016,6.923810627375931e-5
-0.0,-0.0,40.0,3,false,false,2.0,1.0,100,2.0,2,0.0,3.2592093948817336e-10,0.11486289483596862,3.258070002150911e-5
-0.0,-0.0,40.0,3,false,false,3.0,1.0,102,2.0,2,0.0,3.2592093948817336e-10,0.0467445862564442,1.6528242956846937e-5
-0.0,-0.0,40.0,3,false,false,3.0,1.0,111,2.0,2,0.0,3.2592093948817336e-10,0.09136465683189379,2.686446380790211e-5
-0.0,-0.0,40.0,3,false,false,3.0,1.0,110,2.0,2,0.0,3.2592093948817336e-10,0.13277950448221698,3.499158831103704e-5
-0.0,-0.0,40.0,3,false,false,3.0,1.0,120,2.0,2,0.0,3.2592093948817336e-10,0.024858209730459824,7.7759809344022e-5
-0.0,-0.0,40.0,3,false,false,3.0,1.0,200,2.0,2,0.008735742721135892,1.7454673085486628e-5,0.02471966234362951,5.014672318786091e-5
-0.0,-0.0,40.0,3,false,false,3.0,1.0,201,2.0,2,0.013086553746777037,2.4230315302734354e-5,0.029257786235391034,3.997822758854056e-5
-0.0,-0.0,40.0,3,false,false,3.0,1.0,210,2.0,2,0.009895363116251112,3.911217944707424e-5,0.03387152292533595,8.14368287327632e-5
-0.0,-0.0,40.0,3,false,false,3.0,1.0,101,2.0,2,0.0,3.2592093948817336e-10,0.06268543078522427,2.0220827214928273e-5
-0.0,-0.0,40.0,3,false,false,3.0,1.0,300,2.0,2,-0.001822835490804912,3.573080430629742e-5,0.0024598120849404254,5.6748077981689505e-5
-0.0,-0.0,40.0,3,false,false,3.0,1.0,100,2.0,2,0.0,3.2592093948817336e-10,0.08695374803027783,2.5365749064913485e-5
-0.0,-0.0,40.0,3,false,false,4.0,1.0,102,2.0,2,0.0,3.2592093948817336e-10,0.04222137401070058,1.5686644819757677e-5
-0.0,-0.0,40.0,3,false,false,4.0,1.0,111,2.0,2,0.0,3.2592093948817336e-10,0.07947454034198247,2.387579971953402e-5
-0.0,-0.0,40.0,3,false,false,4.0,1.0,110,2.0,2,0.0,3.2592093948817336e-10,0.10822895740101726,3.108057289385244e-5
-0.0,-0.0,40.0,3,false,false,4.0,1.0,120,2.0,2,0.0,3.2592093948817336e-10,0.021565481018234772,6.142797786999447e-5
-0.0,-0.0,40.0,3,false,false,4.0,1.0,200,2.0,2,0.005660403736698504,1.4346635139678228e-5,0.017537094447840705,4.58398541356892e-5
-0.0,-0.0,40.0,3,false,false,4.0,1.0,201,2.0,2,0.008751742885270319,1.997310492526717e-5,0.0217526660168667,3.9148684336556395e-5
-0.0,-0.0,40.0,3,false,false,4.0,1.0,210,2.0,2,0.006587408226773905,3.0603366914214376e-5,0.02505729960366417,7.291400296461292e-5
-0.0,-0.0,40.0,3,false,false,4.0,1.0,101,2.0,2,0.0,3.2592093948817336e-10,0.05381874333883157,1.9707320683796534e-5
-0.0,-0.0,40.0,3,false,false,4.0,1.0,300,2.0,2,-0.0011405228738031199,2.6760756838564406e-5,0.0011589033905271872,4.1472165373796266e-5
-0.0,-0.0,40.0,3,false,false,4.0,1.0,100,2.0,2,0.0,3.2592093948817336e-10,0.07025205393895666,2.188661407162779e-5
-0.0,-0.0,40.0,3,false,false,5.0,1.0,102,2.0,2,0.0,3.2592093948817336e-10,0.03823855538024789,1.403982923449518e-5
-0.0,-0.0,40.0,3,false,false,5.0,1.0,111,2.0,2,0.0,3.2592093948817336e-10,0.0703348720220154,2.0844541296456675e-5
-0.0,-0.0,40.0,3,false,false,5.0,1.0,110,2.0,2,0.0,3.2592093948817336e-10,0.09152697487934625,2.6237717825455038e-5
-0.0,-0.0,40.0,3,false,false,5.0,1.0,120,2.0,2,0.0,3.2592093948817336e-10,0.0190945424960678,5.514112692207801e-5
-0.0,-0.0,40.0,3,false,false,5.0,1.0,200,2.0,2,0.003996034008169379,1.206204667813889e-5,0.013217627460559527,4.157684566162336e-5
-0.0,-0.0,40.0,3,false,false,5.0,1.0,201,2.0,2,0.006313494460100652,1.7762308836352427e-5,0.016909853415248467,3.7655992720412965e-5
-0.0,-0.0,40.0,3,false,false,5.0,1.0,210,2.0,2,0.004731657605183675,2.414164618439504e-5,0.019428813386442603,5.784276365713412e-5
-0.0,-0.0,40.0,3,false,false,5.0,1.0,101,2.0,2,0.0,3.2592093948817336e-10,0.04709779305589063,1.619807963852521e-5
-0.0,-0.0,40.0,3,false,false,5.0,1.0,300,2.0,2,-0.0007839161921174053,1.9707553986767897e-5,0.0006373407070240067,3.4729751688102895e-5
-0.0,-0.0,40.0,3,false,false,5.0,1.0,100,2.0,2,0.0,3.2592093948817336e-10,0.058946229960749,2.0054733933322585e-5
-0.0,-0.0,200.0,3,false,false,0.1,1.0,110,2.0,2,0.0,1.6296046974408666e-9,0.6023125003065568,0.0001273070604088821
-0.0,-0.0,200.0,3,false,false,0.1,1.0,200,2.0,2,0.92851603707799,0.0007974032935024681,0.3645700972946963,0.0002862910953554271
-0.0,-0.0,200.0,3,false,false,0.1,1.0,101,2.0,2,0.0,1.6296046974408666e-9,0.08141708765640468,7.81436923189298e-6
-0.0,-0.0,200.0,3,false,false,0.1,1.0,100,2.0,2,0.0,1.6296046974408666e-9,0.38779083146274423,3.3815018837329314e-5
